Player,LEBRON,D-LEBRON,O-LEBRON
giannis antetokounmpo,7.44,3.109,4.331
anthony davis,6.767,2.353,4.414
james harden,5.472,-0.951,6.423
paul george,5.223,1.422,3.801
kevin durant,4.851,0.838,4.013
damian lillard,4.746,-0.423,5.169
rudy gobert,4.682,3.509,1.173
lebron james,4.631,0.561,4.07
nikola jokic,4.577,1.049,3.528
russell westbrook,4.461,1.017,3.444
stephen curry,4.221,-0.482,4.703
kawhi leonard,4.088,0.549,3.539
joel embiid,4.073,1.787,2.286
karl-anthony towns,3.712,0.235,3.478
eric bledsoe,3.522,1.053,2.469
mike conley,3.421,-0.287,3.708
jusuf nurkic,3.36,2.098,1.262
nikola vucevic,3.333,1.811,1.522
kyrie irving,3.291,0.158,3.134
hassan whiteside,3.177,2.217,0.96
jrue holiday,3.112,-0.079,3.19
kyle lowry,3.067,0.868,2.198
chris paul,3.006,1.081,1.925
derrick favors,2.976,2.101,0.875
kevin love,2.894,0.657,2.237
brook lopez,2.883,3.058,-0.176
kemba walker,2.841,-1.049,3.891
andre drummond,2.538,2.416,0.122
danilo gallinari,2.32,0.016,2.303
myles turner,2.308,3.171,-0.863
otto porter jr.,2.213,1.595,0.619
paul millsap,2.138,1.427,0.711
demarcus cousins,2.093,1.391,0.702
robert covington,2.049,2.5,-0.45
victor oladipo,2.023,0.697,1.326
jimmy butler iii,1.878,-0.077,1.955
domantas sabonis,1.819,1.186,0.633
blake griffin,1.814,0.344,1.47
joe ingles,1.774,1.166,0.608
khris middleton,1.769,0.47,1.3
clint capela,1.769,0.71,1.059
thaddeus young,1.748,1.448,0.3
pascal siakam,1.738,0.926,0.813
joakim noah,1.722,1.806,-0.084
ben simmons,1.688,0.424,1.264
malcolm brogdon,1.679,0.254,1.425
dwight powell,1.648,0.526,1.123
marc gasol,1.561,2.153,-0.591
lamarcus aldridge,1.551,0.545,1.006
willie cauley-stein,1.55,1.668,-0.118
enes freedom,1.546,-0.418,1.964
steven adams,1.506,0.976,0.531
jayson tatum,1.466,1.298,0.167
luka doncic,1.426,-0.281,1.707
andre iguodala,1.406,1.389,0.016
boban marjanovic,1.361,0.419,0.942
pau gasol,1.346,1.56,-0.214
patrick beverley,1.302,0.861,0.44
al-farouq aminu,1.301,1.444,-0.143
al horford,1.3,1.008,0.292
cory joseph,1.267,1.356,-0.089
bam adebayo,1.26,2.601,-1.341
jeremy lamb,1.255,0.394,0.862
shabazz napier,1.252,-0.08,1.331
mason plumlee,1.201,1.552,-0.351
kevon looney,1.192,0.264,0.928
ed davis,1.185,2.095,-0.91
donovan mitchell,1.183,0.181,1.002
jakob poeltl,1.17,1.406,-0.235
jerami grant,1.155,1.461,-0.306
d'angelo russell,1.152,-0.634,1.786
daniel theis,1.135,0.957,0.178
bradley beal,1.127,-1.203,2.33
de'aaron fox,1.105,-0.046,1.151
ricky rubio,1.092,0.786,0.306
draymond green,1.088,2.502,-1.414
montrezl harrell,1.086,-0.168,1.254
davis bertans,1.076,1.232,-0.156
demar derozan,1.064,0.555,0.509
danny green,1.045,0.883,0.162
nemanja bjelica,1.033,1.192,-0.16
jeff teague,1.005,-0.245,1.25
j.j. barea,0.995,-0.916,1.911
john wall,0.983,0.029,0.954
thomas bryant,0.978,0.427,0.551
mitchell robinson,0.964,2.062,-1.098
serge ibaka,0.954,0.304,0.65
gordon hayward,0.952,0.432,0.52
derrick white,0.945,1.444,-0.499
michael carter-williams,0.942,0.466,0.476
javale mcgee,0.924,1.293,-0.37
marcus smart,0.884,1.202,-0.319
josh richardson,0.872,0.641,0.231
cj mccollum,0.868,-0.76,1.628
jonas valanciunas,0.865,0.59,0.275
delon wright,0.851,0.365,0.485
jamal murray,0.837,-0.678,1.515
nerlens noel,0.795,2.336,-1.541
fred vanvleet,0.742,0.05,0.692
jonas jerebko,0.74,0.276,0.464
wayne ellington,0.723,-0.08,0.803
jarrett allen,0.721,1.013,-0.292
maxi kleber,0.72,1.065,-0.345
khem birch,0.712,1.218,-0.506
jae crowder,0.692,0.003,0.688
jonathan isaac,0.662,1.741,-1.079
rudy gay,0.599,0.721,-0.122
tobias harris,0.589,-0.58,1.169
ersan ilyasova,0.555,0.753,-0.197
klay thompson,0.526,-0.544,1.07
luke kornet,0.517,1.044,-0.527
marvin williams,0.497,0.598,-0.101
dewayne dedmon,0.491,1.594,-1.103
kelly olynyk,0.48,1.03,-0.549
darren collison,0.48,-0.131,0.611
maurice harkless,0.453,1.284,-0.831
eric gordon,0.448,-1.075,1.522
lauri markkanen,0.443,-0.582,1.025
julius randle,0.434,-0.797,1.23
caris levert,0.432,-0.441,0.872
monte morris,0.412,-0.493,0.905
tyus jones,0.411,0.128,0.283
d.j. augustin,0.396,-0.299,0.695
salah mejri,0.378,1.194,-0.816
cody zeller,0.335,0.94,-0.605
nikola mirotic,0.325,-0.579,0.904
frank kaminsky,0.316,-0.392,0.708
kenneth faried,0.31,-0.353,0.663
aaron gordon,0.273,0.862,-0.589
elfrid payton,0.267,0.083,0.184
lou williams,0.249,-2.768,3.017
patty mills,0.206,-1.032,1.238
larry nance jr.,0.191,0.759,-0.567
goran dragic,0.183,-0.373,0.556
evan fournier,0.148,0.057,0.091
willy hernangomez,0.145,-0.411,0.556
ian mahinmi,0.078,1.321,-1.243
george hill,0.059,0.151,-0.092
p.j. tucker,0.055,1.505,-1.449
justise winslow,0.048,1.1,-1.052
gorgui dieng,0.045,1.435,-1.39
corey brewer,0.038,0.615,-0.578
john collins,0.009,-1.35,1.359
pat connaughton,0.0,-0.518,0.518
wendell carter jr.,0.0,2.06,-2.06
taj gibson,-0.009,0.028,-0.036
tomas satoransky,-0.013,-0.033,0.019
lonzo ball,-0.017,0.901,-0.918
josh okogie,-0.02,0.863,-0.884
derrick jones jr.,-0.022,0.319,-0.34
noah vonleh,-0.025,1.681,-1.706
spencer dinwiddie,-0.071,-1.295,1.224
christian wood,-0.113,0.071,-0.184
demarre carroll,-0.117,-0.289,0.172
buddy hield,-0.128,-1.449,1.321
kosta koufos,-0.159,1.485,-1.644
kenrich williams,-0.17,0.614,-0.784
kyle kuzma,-0.178,-0.961,0.783
michael kidd-gilchrist,-0.187,0.951,-1.137
t.j. mcconnell,-0.192,-0.152,-0.041
joe harris,-0.193,-0.085,-0.108
rondae hollis-jefferson,-0.195,0.775,-0.97
bojan bogdanovic,-0.196,-0.866,0.67
thabo sefolosha,-0.21,1.422,-1.632
ivica zubac,-0.221,1.015,-1.236
tim hardaway jr.,-0.228,-0.594,0.366
meyers leonard,-0.235,0.327,-0.562
henry ellenson,-0.257,0.215,-0.472
jaylen brown,-0.277,0.37,-0.647
david nwaba,-0.307,0.819,-1.127
jj redick,-0.309,-1.46,1.15
alex caruso,-0.315,-0.173,-0.143
alex len,-0.32,0.278,-0.598
kyle korver,-0.347,-0.372,0.025
d.j. wilson,-0.356,0.342,-0.698
mo bamba,-0.379,1.845,-2.224
terrence ross,-0.393,-0.505,0.112
tristan thompson,-0.404,-0.03,-0.374
kadeem allen,-0.406,-0.478,0.072
sam dekker,-0.407,-0.308,-0.099
richaun holmes,-0.416,0.421,-0.838
rodney hood,-0.425,-0.576,0.151
marcus morris sr.,-0.426,-0.015,-0.411
deandre ayton,-0.454,0.197,-0.651
furkan korkmaz,-0.455,-0.489,0.034
jalen jones,-0.458,0.771,-1.229
zach lavine,-0.466,-1.23,0.764
devin harris,-0.47,-0.547,0.077
luol deng,-0.496,-0.181,-0.315
michael beasley,-0.501,-0.445,-0.056
dwight howard,-0.503,0.861,-1.364
reggie jackson,-0.508,-0.825,0.317
ryan arcidiacono,-0.509,0.166,-0.674
miles bridges,-0.519,0.152,-0.67
omri casspi,-0.519,0.671,-1.19
evan turner,-0.52,0.134,-0.653
jordan bell,-0.554,0.751,-1.305
damian jones,-0.557,1.172,-1.729
jahlil okafor,-0.597,-0.049,-0.549
terry rozier,-0.598,-0.001,-0.598
johnathan williams,-0.603,-0.446,-0.156
devonte' graham,-0.611,-1.044,0.433
courtney lee,-0.619,0.246,-0.865
bruno caboclo,-0.633,0.163,-0.796
troy brown jr.,-0.65,-0.405,-0.245
jr smith,-0.65,0.776,-1.426
kelly oubre jr.,-0.652,-0.358,-0.295
jamychal green,-0.657,0.463,-1.12
dario saric,-0.666,-0.633,-0.033
theo pinson,-0.675,-0.082,-0.593
trey burke,-0.685,-1.601,0.916
tyreke evans,-0.686,-0.508,-0.178
aron baynes,-0.691,0.875,-1.566
markieff morris,-0.745,-0.044,-0.701
jared dudley,-0.746,0.505,-1.25
nicolas batum,-0.756,0.118,-0.874
derrick rose,-0.768,-2.09,1.322
juancho hernangomez,-0.776,0.023,-0.799
jaron blossomgame,-0.779,0.285,-1.064
jaren jackson jr.,-0.786,1.029,-1.815
trey lyles,-0.794,-0.326,-0.469
treveon graham,-0.796,0.339,-1.135
dante exum,-0.797,-0.457,-0.34
norman powell,-0.807,-0.441,-0.367
deandre jordan,-0.813,1.299,-2.111
malik beasley,-0.821,-1.101,0.28
bryn forbes,-0.834,0.284,-1.118
bogdan bogdanovic,-0.863,-0.873,0.01
torrey craig,-0.865,0.087,-0.952
dennis schroder,-0.869,-1.321,0.451
dirk nowitzki,-0.895,-0.425,-0.471
gary harris,-0.9,-0.75,-0.15
de'anthony melton,-0.907,0.967,-1.874
raul neto,-0.909,-0.848,-0.062
jake layman,-0.926,0.195,-1.12
jordan mcrae,-0.933,-0.475,-0.458
mario hezonja,-0.959,0.123,-1.082
alec burks,-0.965,-0.655,-0.31
rodions kurucs,-0.976,0.078,-1.054
marquese chriss,-0.995,0.107,-1.101
jalen brunson,-1.0,-0.702,-0.299
bobby portis,-1.009,-0.518,-0.491
thon maker,-1.017,0.425,-1.442
ivan rabb,-1.023,0.39,-1.413
jonah bolden,-1.026,0.3,-1.326
frank mason iii,-1.029,-0.679,-0.35
mike muscala,-1.03,0.226,-1.256
reggie bullock jr.,-1.04,-0.477,-0.563
marcin gortat,-1.04,0.878,-1.918
amir johnson,-1.041,0.338,-1.378
kevin huerter,-1.043,-0.344,-0.699
greg monroe,-1.048,-0.323,-0.725
cheick diallo,-1.063,0.597,-1.66
zaza pachulia,-1.072,0.781,-1.853
tyson chandler,-1.077,1.278,-2.356
dion waiters,-1.077,-0.65,-0.427
t.j. warren,-1.081,-0.448,-0.633
bismack biyombo,-1.084,0.773,-1.857
kyle anderson,-1.087,0.932,-2.019
tony snell,-1.127,-0.529,-0.598
wilson chandler,-1.14,0.414,-1.554
tyler johnson,-1.146,-0.497,-0.65
mikal bridges,-1.172,-0.007,-1.165
kentavious caldwell-pope,-1.186,-1.123,-0.063
dorian finney-smith,-1.197,-0.416,-0.781
zach collins,-1.201,0.478,-1.679
royce o'neale,-1.209,0.94,-2.149
langston galloway,-1.223,-0.932,-0.291
ante zizic,-1.236,0.161,-1.397
og anunoby,-1.241,0.157,-1.398
daniel hamilton,-1.261,-0.255,-1.007
josh hart,-1.273,0.342,-1.614
yogi ferrell,-1.278,-0.782,-0.497
seth curry,-1.329,-0.55,-0.779
shai gilgeous-alexander,-1.343,0.721,-2.064
julian washburn,-1.348,0.094,-1.441
matthew dellavedova,-1.352,-0.909,-0.443
james ennis iii,-1.357,-0.385,-0.972
tyler dorsey,-1.362,-1.001,-0.36
shake milton,-1.382,-0.712,-0.67
will barton,-1.383,-0.451,-0.932
donte divincenzo,-1.395,-0.258,-1.137
dante cunningham,-1.403,0.685,-2.087
landry shamet,-1.408,-0.948,-0.461
alex poythress,-1.411,0.02,-1.431
nene,-1.411,0.42,-1.831
marco belinelli,-1.415,-1.182,-0.234
ish smith,-1.423,-0.799,-0.624
moritz wagner,-1.435,0.234,-1.668
james johnson,-1.483,0.24,-1.723
jeff green,-1.486,-1.268,-0.218
kris dunn,-1.488,0.26,-1.748
jeremy lin,-1.5,-0.757,-0.743
anthony tolliver,-1.519,-0.435,-1.083
tim frazier,-1.53,-0.715,-0.815
devin booker,-1.53,-3.464,1.934
brandon ingram,-1.546,-1.127,-0.42
garrett temple,-1.563,0.491,-2.053
gary clark,-1.564,-0.315,-1.249
wesley matthews,-1.57,-1.004,-0.566
vince carter,-1.57,-0.104,-1.466
rodney mcgruder,-1.574,-0.436,-1.138
terrance ferguson,-1.582,-0.106,-1.476
danuel house jr.,-1.585,-1.251,-0.334
alfonzo mckinnie,-1.585,-0.647,-0.939
trae young,-1.587,-2.384,0.798
cam reynolds,-1.596,-0.779,-0.817
marvin bagley iii,-1.602,-1.67,0.068
troy williams,-1.618,0.145,-1.763
sterling brown,-1.632,-0.569,-1.063
justin holiday,-1.633,0.444,-2.077
jerian grant,-1.673,0.025,-1.697
ryan broekhoff,-1.673,-1.034,-0.639
keita bates-diop,-1.707,-0.286,-1.42
shaquille harrison,-1.722,0.509,-2.231
andrew wiggins,-1.725,-1.564,-0.162
omari spellman,-1.728,-0.447,-1.281
brandon knight,-1.728,-0.419,-1.309
glenn robinson iii,-1.749,0.51,-2.259
troy daniels,-1.751,-1.279,-0.473
trevor ariza,-1.755,-0.718,-1.037
dwayne bacon,-1.762,-0.818,-0.944
malik monk,-1.777,-1.103,-0.674
kent bazemore,-1.779,-0.132,-1.647
dragan bender,-1.801,0.004,-1.805
chasson randle,-1.828,-1.242,-0.586
iman shumpert,-1.828,-0.382,-1.446
markelle fultz,-1.868,0.004,-1.873
deandre' bembry,-1.874,0.263,-2.137
carmelo anthony,-1.883,-0.979,-0.905
jevon carter,-1.886,-0.157,-1.729
tony parker,-1.886,-1.338,-0.548
luke kennard,-1.907,-1.027,-0.88
cameron payne,-1.913,-0.28,-1.633
aaron holiday,-1.921,-0.969,-0.952
dennis smith jr.,-1.934,-0.498,-1.436
rajon rondo,-1.943,-0.76,-1.184
raymond felton,-1.945,-1.115,-0.829
harrison barnes,-1.957,-1.307,-0.649
dwyane wade,-1.962,-1.766,-0.197
jabari parker,-1.987,-0.654,-1.333
chandler parsons,-1.995,-0.454,-1.541
doug mcdermott,-1.998,-0.902,-1.096
marshon brooks,-2.011,-1.255,-0.756
brandon sampson,-2.012,-0.268,-1.744
shaun livingston,-2.029,-0.64,-1.389
gerald green,-2.034,-2.3,0.265
jerryd bayless,-2.054,-1.606,-0.448
harry giles iii,-2.077,-0.371,-1.706
semi ojeleye,-2.082,-0.802,-1.28
justin jackson,-2.091,-1.036,-1.056
jaylen adams,-2.093,-0.337,-1.756
wesley johnson,-2.11,-0.019,-2.091
frank ntilikina,-2.115,0.216,-2.331
cj miles,-2.133,-1.014,-1.119
patrick mccaw,-2.136,0.144,-2.28
taurean prince,-2.14,-0.726,-1.414
allen crabbe,-2.14,-0.437,-1.703
austin rivers,-2.159,-1.084,-1.075
timothe luwawu-cabarrot,-2.197,-0.647,-1.549
damion lee,-2.204,-1.18,-1.023
chandler hutchison,-2.217,0.448,-2.665
quinn cook,-2.24,-1.562,-0.677
wayne selden,-2.293,-0.956,-1.336
dillon brooks,-2.317,-0.566,-1.752
bruce brown,-2.321,0.815,-3.136
hamidou diallo,-2.322,-0.766,-1.556
tyrone wallace,-2.412,-0.277,-2.135
darius miller,-2.419,-2.088,-0.331
lance stephenson,-2.497,-1.216,-1.282
ryan anderson,-2.497,-1.084,-1.413
nik stauskas,-2.502,-1.264,-1.238
mike scott,-2.507,-1.246,-1.261
cristiano felicio,-2.541,-1.215,-1.326
wes iwundu,-2.568,-0.035,-2.532
john jenkins,-2.574,-1.64,-0.934
robin lopez,-2.581,-0.968,-1.613
stanley johnson,-2.615,0.06,-2.675
cedi osman,-2.623,-1.213,-1.409
jose calderon,-2.636,-0.337,-2.3
isaiah canaan,-2.658,-1.213,-1.445
jonathon simmons,-2.661,-0.267,-2.394
isaiah briscoe,-2.682,-0.056,-2.626
shelvin mack,-2.737,-1.223,-1.514
ian clark,-2.741,-1.705,-1.036
alex abrines,-2.761,-0.645,-2.116
e'twaun moore,-2.761,-1.57,-1.191
solomon hill,-2.777,-0.777,-2.0
svi mykhailiuk,-2.799,-1.439,-1.361
emmanuel mudiay,-2.811,-1.856,-0.955
elie okobo,-2.914,-0.957,-1.957
jordan clarkson,-2.945,-2.962,0.018
patrick patterson,-2.969,-1.214,-1.754
josh jackson,-2.996,-0.657,-2.339
grayson allen,-3.092,-2.101,-0.991
frank jackson,-3.093,-1.936,-1.158
lance thomas,-3.3,-0.486,-2.813
damyean dotson,-3.318,-1.775,-1.543
abdel nader,-3.364,-0.754,-2.61
jamal crawford,-3.407,-2.698,-0.708
avery bradley,-3.54,-1.295,-2.245
antonio blakeney,-3.541,-1.825,-1.716
collin sexton,-3.633,-2.295,-1.337
allonzo trier,-3.906,-2.198,-1.709
kevin knox ii,-5.356,-2.717,-2.638
