nba_id,Player,Seasons,Team,Pos,MPG,LEBRON,O-LEBRON,D-LEBRON,WAR,OffRole,DefRole
1713,Vince Carter,2019,ATL,PF,17.504,-1.57,-1.466,-0.104,0.685,Movement Shooter,Helper
1717,Dirk Nowitzki,2019,DAL,PF,15.593,-0.895,-0.471,-0.425,0.759,Versatile Big,Helper
2037,Jamal Crawford,2019,PHO,SG,18.734,-3.407,-0.708,-2.698,-0.791,Shot Creator,Low Activity
2199,Tyson Chandler,2019,PHO/LAL,C,15.908,-1.077,-2.356,1.278,0.731,Roll + Cut Big,Anchor Big
2200,Pau Gasol,2019,SAS/MIL,C,12.019,1.346,-0.214,1.56,0.874,Post Scorer,Anchor Big
2225,Tony Parker,2019,CHO,PG,17.908,-1.886,-0.548,-1.338,0.311,Slasher,Low Activity
2403,Nene,2019,HOU,C,12.995,-1.411,-1.831,0.42,0.338,Roll + Cut Big,Mobile Big
2544,Lebron James,2019,LAL,SF,35.226,4.631,4.07,0.561,8.713,Shot Creator,Helper
2546,Carmelo Anthony,2019,HOU,PF,29.415,-1.883,-0.905,-0.979,0.092,Shot Creator,Wing Stopper
2548,Dwyane Wade,2019,MIA,SG,26.184,-1.962,-0.197,-1.766,0.491,Shot Creator,Low Activity
2585,Zaza Pachulia,2019,DET,C,12.913,-1.072,-1.853,0.781,0.737,Roll + Cut Big,Anchor Big
2594,Kyle Korver,2019,CLE/UTA,PF,19.056,-0.347,0.025,-0.372,1.753,Off Screen Shooter,Low Activity
2730,Dwight Howard,2019,WAS,C,25.507,-0.503,-1.364,0.861,0.278,Post Scorer,Anchor Big
2733,Shaun Livingston,2019,GSW,PG,15.108,-2.029,-1.389,-0.64,0.21,Shot Creator,Point of Attack
2734,Devin Harris,2019,DAL,PG,15.744,-0.47,0.077,-0.547,1.32,Movement Shooter,Low Activity
2736,Luol Deng,2019,MIN,SF,17.284,-0.496,-0.315,-0.181,0.462,Versatile Big,Helper
2738,Andre Iguodala,2019,GSW,SF,23.205,1.406,0.016,1.389,3.884,Stationary Shooter,Wing Stopper
2747,Jr Smith,2019,CLE,SG,20.209,-0.65,-1.426,0.776,0.248,Off Screen Shooter,Helper
2772,Trevor Ariza,2019,PHO/WAS,SF,34.042,-1.755,-1.037,-0.718,0.927,Movement Shooter,Wing Stopper
101107,Marvin Williams,2019,CHO,PF,28.441,0.497,-0.101,0.598,3.984,Movement Shooter,Helper
101108,Chris Paul,2019,HOU,PG,32.013,3.006,1.925,1.081,6.482,Shot Creator,Chaser
101109,Raymond Felton,2019,OKC,PG,11.495,-1.945,-0.829,-1.115,0.103,Secondary Ball Handler,Point of Attack
101123,Gerald Green,2019,HOU,SG,20.177,-2.034,0.265,-2.3,0.315,Movement Shooter,Low Activity
101133,Ian Mahinmi,2019,WAS,C,14.64,0.078,-1.243,1.321,0.793,Roll + Cut Big,Anchor Big
101139,Cj Miles,2019,TOR/MEM,SF,16.16,-2.133,-1.119,-1.014,0.129,Off Screen Shooter,Low Activity
101141,Ersan Ilyasova,2019,MIL,PF,18.378,0.555,-0.197,0.753,2.347,Stretch Big,Helper
101150,Lou Williams,2019,LAC,SG,26.571,0.249,3.017,-2.768,3.398,Slasher,Low Activity
101161,Amir Johnson,2019,PHI,C,10.376,-1.041,-1.378,0.338,0.455,Roll + Cut Big,Anchor Big
101162,Marcin Gortat,2019,LAC,C,15.968,-1.04,-1.918,0.878,0.645,Roll + Cut Big,Anchor Big
101181,Jose Calderon,2019,DET,PG,12.898,-2.636,-2.3,-0.337,-0.109,Primary Ball Handler,Low Activity
200746,Lamarcus Aldridge,2019,SAS,C,33.171,1.551,1.006,0.545,6.867,Post Scorer,Anchor Big
200752,Rudy Gay,2019,SAS,PF,26.7,0.599,-0.122,0.721,3.564,Shot Creator,Wing Stopper
200755,Jj Redick,2019,PHI,SG,31.307,-0.309,1.15,-1.46,3.185,Off Screen Shooter,Low Activity
200757,Thabo Sefolosha,2019,UTA,SF,12.172,-0.21,-1.632,1.422,0.855,Stationary Shooter,Low Activity
200765,Rajon Rondo,2019,LAL,PG,29.753,-1.943,-1.184,-0.76,0.373,Primary Ball Handler,Chaser
200768,Kyle Lowry,2019,TOR,PG,34.052,3.067,2.198,0.868,7.812,Primary Ball Handler,Chaser
200782,P.J. Tucker,2019,HOU,PF,34.172,0.055,-1.449,1.505,4.422,Stationary Shooter,Wing Stopper
200794,Paul Millsap,2019,DEN,PF,27.065,2.138,0.711,1.427,5.563,Shot Creator,Helper
200826,J.J. Barea,2019,DAL,PG,19.787,0.995,1.911,-0.916,1.649,Primary Ball Handler,Point of Attack
201142,Kevin Durant,2019,GSW,SF,34.635,4.851,4.013,0.838,12.507,Shot Creator,Wing Stopper
201143,Al Horford,2019,BOS,C,29.012,1.3,0.292,1.008,4.721,Post Scorer,Anchor Big
201144,Mike Conley,2019,MEM,PG,33.452,3.421,3.708,-0.287,8.787,Primary Ball Handler,Point of Attack
201145,Jeff Green,2019,WAS,PF,27.229,-1.486,-0.218,-1.268,1.194,Movement Shooter,Helper
201147,Corey Brewer,2019,PHI/SAC,SF,15.855,0.038,-0.578,0.615,0.77,Movement Shooter,Chaser
201149,Joakim Noah,2019,MEM,C,16.489,1.722,-0.084,1.806,1.847,Roll + Cut Big,Anchor Big
201152,Thaddeus Young,2019,IND,PF,30.727,1.748,0.3,1.448,6.68,Post Scorer,Helper
201158,Marco Belinelli,2019,SAS,SG,22.98,-1.415,-0.234,-1.182,1.117,Movement Shooter,Low Activity
201162,Jared Dudley,2019,BRK,PF,20.67,-0.746,-1.25,0.505,1.284,Stationary Shooter,Helper
201163,Wilson Chandler,2019,PHI/LAC,SF,23.064,-1.14,-1.554,0.414,0.935,Shot Creator,Wing Stopper
201188,Marc Gasol,2019,MEM/TOR,C,30.836,1.561,-0.591,2.153,6.243,Versatile Big,Anchor Big
201229,Anthony Tolliver,2019,MIN,PF,16.419,-1.519,-1.083,-0.435,0.585,Movement Shooter,Low Activity
201563,Michael Beasley,2019,LAL,PF,10.672,-0.501,-0.056,-0.445,0.337,Shot Creator,Helper
201565,Derrick Rose,2019,MIN,PG,27.062,-0.768,1.322,-2.09,1.433,Shot Creator,Chaser
201566,Russell Westbrook,2019,OKC,PG,36.022,4.461,3.444,1.017,11.556,Shot Creator,Point of Attack
201567,Kevin Love,2019,CLE,PF,27.18,2.894,2.237,0.657,2.045,Versatile Big,Helper
201568,Danilo Gallinari,2019,LAC,SF,30.284,2.32,2.303,0.016,6.287,Shot Creator,Helper
201569,Eric Gordon,2019,HOU,SG,31.735,0.448,1.522,-1.075,3.96,Movement Shooter,Chaser
201571,D.J. Augustin,2019,ORL,PG,28.013,0.396,0.695,-0.299,4.087,Primary Ball Handler,Point of Attack
201572,Brook Lopez,2019,MIL,C,28.663,2.883,-0.176,3.058,7.923,Stationary Shooter,Anchor Big
201573,Jerryd Bayless,2019,MIN,PG,19.323,-2.054,-0.448,-1.606,0.132,Primary Ball Handler,Point of Attack
201577,Robin Lopez,2019,CHI,C,21.701,-2.581,-1.613,-0.968,-0.22,Post Scorer,Anchor Big
201580,Javale Mcgee,2019,LAL,C,22.277,0.924,-0.37,1.293,3.587,Roll + Cut Big,Anchor Big
201583,Ryan Anderson,2019,PHO/MIA,PF,12.853,-2.497,-1.413,-1.084,-0.027,Movement Shooter,Low Activity
201584,Courtney Lee,2019,NYK/DAL,SG,12.595,-0.619,-0.865,0.246,0.486,Secondary Ball Handler,Chaser
201585,Kosta Koufos,2019,SAC,C,11.943,-0.159,-1.644,1.485,0.721,Roll + Cut Big,Anchor Big
201586,Serge Ibaka,2019,TOR,C,27.169,0.954,0.65,0.304,4.356,Roll + Cut Big,Anchor Big
201587,Nicolas Batum,2019,CHO,SF,31.386,-0.756,-0.874,0.118,2.463,Movement Shooter,Wing Stopper
201588,George Hill,2019,CLE/MIL,PG,21.707,0.059,-0.092,0.151,2.059,Secondary Ball Handler,Point of Attack
201599,Deandre Jordan,2019,DAL/NYK,C,29.671,-0.813,-2.111,1.299,2.066,Post Scorer,Anchor Big
201609,Goran Dragic,2019,MIA,PG,27.517,0.183,0.556,-0.373,1.646,Primary Ball Handler,Point of Attack
201933,Blake Griffin,2019,DET,PF,34.966,1.814,1.47,0.344,7.152,Shot Creator,Helper
201935,James Harden,2019,HOU,PG,36.753,5.472,6.423,-0.951,14.325,Shot Creator,Helper
201936,Tyreke Evans,2019,IND,SG,20.318,-0.686,-0.178,-0.508,1.531,Shot Creator,Chaser
201937,Ricky Rubio,2019,UTA,PG,27.926,1.092,0.306,0.786,4.286,Primary Ball Handler,Point of Attack
201939,Stephen Curry,2019,GSW,PG,33.787,4.221,4.703,-0.482,9.903,Primary Ball Handler,Chaser
201942,Demar Derozan,2019,SAS,SG,34.912,1.064,0.509,0.555,6.019,Shot Creator,Chaser
201949,James Johnson,2019,MIA,PF,21.161,-1.483,-1.723,0.24,0.665,Shot Creator,Wing Stopper
201950,Jrue Holiday,2019,NOP,SG,35.851,3.112,3.19,-0.079,8.546,Shot Creator,Point of Attack
201952,Jeff Teague,2019,MIN,PG,30.097,1.005,1.25,-0.245,2.781,Shot Creator,Point of Attack
201954,Darren Collison,2019,IND,PG,28.202,0.48,0.611,-0.131,3.979,Primary Ball Handler,Point of Attack
201956,Omri Casspi,2019,MEM,SF,14.458,-0.519,-1.19,0.671,0.625,Athletic Finisher,Helper
201959,Taj Gibson,2019,MIN,PF,24.093,-0.009,-0.036,0.028,2.591,Post Scorer,Mobile Big
201960,Demarre Carroll,2019,BRK,PF,25.424,-0.117,0.172,-0.289,2.495,Movement Shooter,Helper
201961,Wayne Ellington,2019,MIA/DET,SG,24.47,0.723,0.803,-0.08,2.614,Off Screen Shooter,Chaser
201967,Dante Cunningham,2019,SAS,PF,14.506,-1.403,-2.087,0.685,0.579,Stationary Shooter,Wing Stopper
201973,Jonas Jerebko,2019,GSW,PF,16.685,0.74,0.464,0.276,2.469,Stationary Shooter,Low Activity
201976,Patrick Beverley,2019,LAC,PG,27.4,1.302,0.44,0.861,5.116,Primary Ball Handler,Point of Attack
201980,Danny Green,2019,TOR,SG,27.694,1.045,0.162,0.883,4.933,Off Screen Shooter,Wing Stopper
201988,Patty Mills,2019,SAS,PG,23.265,0.206,1.238,-1.032,3.199,Primary Ball Handler,Point of Attack
202066,Garrett Temple,2019,MEM/LAC,SG,27.207,-1.563,-2.053,0.491,1.06,Movement Shooter,Wing Stopper
202083,Wesley Matthews,2019,DAL/NYK/IND,SF,30.305,-1.57,-0.566,-1.004,1.076,Off Screen Shooter,Wing Stopper
202322,John Wall,2019,WAS,PG,34.495,0.983,0.954,0.029,2.413,Shot Creator,Point of Attack
202323,Evan Turner,2019,POR,PG,21.996,-0.52,-0.653,0.134,1.928,Shot Creator,Wing Stopper
202324,Derrick Favors,2019,UTA,C,23.243,2.976,0.875,2.101,6.133,Roll + Cut Big,Anchor Big
202325,Wesley Johnson,2019,NOP/WAS,SF,14.051,-2.11,-2.091,-0.019,0.088,Movement Shooter,Wing Stopper
202326,Demarcus Cousins,2019,GSW,C,25.686,2.093,0.702,1.391,2.24,Post Scorer,Anchor Big
202328,Greg Monroe,2019,TOR/BOS/PHI,C,11.16,-1.048,-0.725,-0.323,0.41,Post Scorer,Anchor Big
202329,Al-Farouq Aminu,2019,POR,PF,28.294,1.301,-0.143,1.444,5.486,Stationary Shooter,Wing Stopper
202330,Gordon Hayward,2019,BOS,PF,25.879,0.952,0.52,0.432,4.035,Secondary Ball Handler,Low Activity
202331,Paul George,2019,OKC,SF,36.902,5.223,3.801,1.422,13.784,Shot Creator,Wing Stopper
202334,Ed Davis,2019,BRK,C,17.853,1.185,-0.91,2.095,3.352,Roll + Cut Big,Anchor Big
202335,Patrick Patterson,2019,OKC,PF,13.66,-2.969,-1.754,-1.214,-0.33,Stretch Big,Helper
202339,Eric Bledsoe,2019,MIL,PG,29.126,3.522,2.469,1.053,8.669,Primary Ball Handler,Point of Attack
202340,Avery Bradley,2019,LAC/MEM,SG,30.244,-3.54,-2.245,-1.295,-1.417,Movement Shooter,Wing Stopper
202355,Hassan Whiteside,2019,MIA,C,23.254,3.177,0.96,2.217,6.026,Post Scorer,Anchor Big
202357,Nemanja Bjelica,2019,SAC,PF,23.22,1.033,-0.16,1.192,3.966,Stretch Big,Helper
202362,Lance Stephenson,2019,LAL,SG,16.511,-2.497,-1.282,-1.216,-0.094,Shot Creator,Low Activity
202391,Jeremy Lin,2019,ATL/TOR,PG,19.41,-1.5,-0.743,-0.757,0.805,Primary Ball Handler,Point of Attack
202397,Ish Smith,2019,DET,PG,22.34,-1.423,-0.624,-0.799,0.763,Slasher,Point of Attack
202498,Lance Thomas,2019,NYK,PF,17.029,-3.3,-2.813,-0.486,-0.464,Stationary Shooter,Helper
202681,Kyrie Irving,2019,BOS,PG,33.045,3.291,3.134,0.158,8.128,Shot Creator,Point of Attack
202683,Enes Freedom,2019,NYK/POR,C,24.472,1.546,1.964,-0.418,4.186,Post Scorer,Anchor Big
202684,Tristan Thompson,2019,CLE,C,27.855,-0.404,-0.374,-0.03,1.529,Post Scorer,Anchor Big
202685,Jonas Valančiūnas,2019,TOR/MEM,C,22.269,0.865,0.275,0.59,2.301,Post Scorer,Anchor Big
202687,Bismack Biyombo,2019,CHO,C,14.491,-1.084,-1.857,0.773,0.65,Roll + Cut Big,Anchor Big
202688,Brandon Knight,2019,HOU/CLE,PG,18.885,-1.728,-1.309,-0.419,0.304,Primary Ball Handler,Chaser
202689,Kemba Walker,2019,CHO,PG,34.91,2.841,3.891,-1.049,9.694,Primary Ball Handler,Point of Attack
202691,Klay Thompson,2019,GSW,SG,34.004,0.526,1.07,-0.544,5.005,Off Screen Shooter,Wing Stopper
202692,Alec Burks,2019,UTA/CLE/SAC,SG,21.483,-0.965,-0.31,-0.655,1.25,Secondary Ball Handler,Chaser
202693,Markieff Morris,2019,WAS/OKC,PF,21.907,-0.745,-0.701,-0.044,1.338,Versatile Big,Mobile Big
202694,Marcus Morris Sr.,2019,BOS,PF,27.874,-0.426,-0.411,-0.015,2.639,Shot Creator,Helper
202695,Kawhi Leonard,2019,TOR,SF,34.004,4.088,3.539,0.549,8.5,Shot Creator,Wing Stopper
202696,Nikola Vučević,2019,ORL,C,31.379,3.333,1.522,1.811,9.282,Post Scorer,Anchor Big
202697,Iman Shumpert,2019,SAC/HOU,SG,23.884,-1.828,-1.446,-0.382,0.514,Movement Shooter,Wing Stopper
202699,Tobias Harris,2019,LAC/PHI,PF,34.731,0.589,1.169,-0.58,5.492,Shot Creator,Wing Stopper
202702,Kenneth Faried,2019,BRK/HOU,C,19.681,0.31,0.663,-0.353,1.271,Roll + Cut Big,Mobile Big
202703,Nikola Mirotic,2019,NOP/MIL,PF,27.068,0.325,0.904,-0.579,2.185,Movement Shooter,Helper
202704,Reggie Jackson,2019,DET,PG,27.914,-0.508,0.317,-0.825,2.766,Primary Ball Handler,Point of Attack
202705,Marshon Brooks,2019,MEM,SG,13.336,-2.011,-0.756,-1.255,0.089,Shot Creator,Chaser
202709,Cory Joseph,2019,IND,PG,25.164,1.267,-0.089,1.356,4.893,Primary Ball Handler,Point of Attack
202710,Jimmy Butler Iii,2019,MIN/PHI,SG,33.615,1.878,1.955,-0.077,6.048,Shot Creator,Wing Stopper
202711,Bojan Bogdanović,2019,IND,SF,31.765,-0.196,0.67,-0.866,3.636,Off Screen Shooter,Low Activity
202714,Shelvin Mack,2019,MEM/CHO,PG,21.871,-2.737,-1.514,-1.223,-0.295,Primary Ball Handler,Point of Attack
202718,Chandler Parsons,2019,MEM,SF,19.835,-1.995,-1.541,-0.454,0.119,Secondary Ball Handler,Low Activity
202722,Davis Bertans,2019,SAS,PF,21.471,1.076,-0.156,1.232,3.666,Movement Shooter,Helper
202734,E'Twaun Moore,2019,NOP,SG,27.604,-2.761,-1.191,-1.57,-0.369,Off Screen Shooter,Chaser
203076,Anthony Davis,2019,NOP,C,33.035,6.767,4.414,2.353,10.604,Shot Creator,Anchor Big
203077,Michael Kidd-Gilchrist,2019,CHO,PF,18.424,-0.187,-1.137,0.951,1.673,Athletic Finisher,Wing Stopper
203078,Bradley Beal,2019,WAS,SG,36.924,1.127,2.33,-1.203,6.903,Primary Ball Handler,Chaser
203079,Dion Waiters,2019,MIA,SG,25.862,-1.077,-0.427,-0.65,0.951,Shot Creator,Chaser
203081,Damian Lillard,2019,POR,PG,35.473,4.746,5.169,-0.423,12.96,Shot Creator,Point of Attack
203082,Terrence Ross,2019,ORL,SG,26.544,-0.393,0.112,-0.505,2.761,Off Screen Shooter,Low Activity
203083,Andre Drummond,2019,DET,C,33.507,2.538,0.122,2.416,8.453,Post Scorer,Anchor Big
203084,Harrison Barnes,2019,DAL/SAC,PF,32.892,-1.957,-0.649,-1.307,0.669,Shot Creator,Wing Stopper
203085,Austin Rivers,2019,WAS/HOU,SG,26.68,-2.159,-1.075,-1.084,0.271,Shot Creator,Point of Attack
203086,Meyers Leonard,2019,POR,C,14.387,-0.235,-0.562,0.327,1.218,Stretch Big,Anchor Big
203087,Jeremy Lamb,2019,CHO,SG,28.483,1.255,0.862,0.394,5.319,Secondary Ball Handler,Chaser
203090,Maurice Harkless,2019,POR,SF,23.587,0.453,-0.831,1.284,2.603,Versatile Big,Wing Stopper
203095,Evan Fournier,2019,ORL,SG,31.522,0.148,0.091,0.057,4.185,Off Screen Shooter,Wing Stopper
203098,John Jenkins,2019,WAS/NYK,SG,12.811,-2.574,-0.934,-1.64,-0.044,Off Screen Shooter,Low Activity
203107,Tomas Satoransky,2019,WAS,PG,27.045,-0.013,0.019,-0.033,3.317,Primary Ball Handler,Point of Attack
203109,Jae Crowder,2019,UTA,SF,27.073,0.692,0.688,0.003,4.321,Movement Shooter,Helper
203110,Draymond Green,2019,GSW,PF,31.284,1.088,-1.414,2.502,4.654,Stretch Big,Helper
203114,Khris Middleton,2019,MIL,SF,31.085,1.769,1.3,0.47,6.457,Shot Creator,Helper
203115,Will Barton,2019,DEN,SF,27.652,-1.383,-0.932,-0.451,0.757,Secondary Ball Handler,Wing Stopper
203118,Mike Scott,2019,LAC/PHI,PF,17.667,-2.507,-1.261,-1.246,-0.125,Stationary Shooter,Helper
203121,Darius Miller,2019,NOP,SF,25.471,-2.419,-0.331,-2.088,-0.058,Off Screen Shooter,Low Activity
203145,Kent Bazemore,2019,ATL,SG,24.529,-1.779,-1.647,-0.132,0.624,Secondary Ball Handler,Wing Stopper
203200,Justin Holiday,2019,CHI/MEM,SG,31.787,-1.633,-2.077,0.444,1.236,Off Screen Shooter,Wing Stopper
203210,Jamychal Green,2019,MEM/LAC,PF,21.086,-0.657,-1.12,0.463,1.523,Versatile Big,Helper
203382,Aron Baynes,2019,BOS,C,16.095,-0.691,-1.566,0.875,0.893,Roll + Cut Big,Anchor Big
203457,Nerlens Noel,2019,OKC,C,13.707,0.795,-1.541,2.336,2.177,Roll + Cut Big,Mobile Big
203458,Alex Len,2019,ATL,C,20.054,-0.32,-0.598,0.278,2.056,Stretch Big,Anchor Big
203459,Allen Crabbe,2019,BRK,SG,26.35,-2.14,-1.703,-0.437,0.165,Off Screen Shooter,Chaser
203468,Cj Mccollum,2019,POR,SG,33.932,0.868,1.628,-0.76,5.014,Primary Ball Handler,Chaser
203469,Cody Zeller,2019,CHO,C,25.367,0.335,-0.605,0.94,2.19,Roll + Cut Big,Anchor Big
203471,Dennis Schröder,2019,OKC,PG,29.289,-0.869,0.451,-1.321,2.248,Primary Ball Handler,Point of Attack
203473,Dewayne Dedmon,2019,ATL,C,25.143,0.491,-1.103,1.594,2.999,Stretch Big,Anchor Big
203476,Gorgui Dieng,2019,MIN,C,13.567,0.045,-1.39,1.435,1.62,Athletic Finisher,Anchor Big
203477,Isaiah Canaan,2019,PHO/MIN/MIL,PG,20.928,-2.658,-1.445,-1.213,-0.117,Primary Ball Handler,Point of Attack
203482,Kelly Olynyk,2019,MIA,PF,22.94,0.48,-0.549,1.03,3.365,Movement Shooter,Helper
203484,Kentavious Caldwell-Pope,2019,LAL,SG,24.817,-1.186,-0.063,-1.123,1.556,Off Screen Shooter,Chaser
203486,Mason Plumlee,2019,DEN,C,21.107,1.201,-0.351,1.552,4.029,Post Scorer,Mobile Big
203487,Michael Carter-Williams,2019,HOU/ORL,PG,13.278,0.942,0.476,0.466,0.803,Primary Ball Handler,Point of Attack
203488,Mike Muscala,2019,PHI/LAL,PF,20.404,-1.03,-1.256,0.226,1.132,Movement Shooter,Helper
203490,Otto Porter Jr.,2019,WAS/CHI,SF,30.067,2.213,0.619,1.595,5.026,Movement Shooter,Helper
203493,Reggie Bullock Jr.,2019,DET/LAL,SG,29.824,-1.04,-0.563,-0.477,1.617,Off Screen Shooter,Wing Stopper
203496,Robert Covington,2019,PHI/MIN,SF,34.36,2.049,-0.45,2.5,3.462,Movement Shooter,Wing Stopper
203497,Rudy Gobert,2019,UTA,C,31.812,4.682,1.173,3.509,11.667,Roll + Cut Big,Anchor Big
203500,Steven Adams,2019,OKC,C,33.368,1.506,0.531,0.976,6.746,Post Scorer,Mobile Big
203501,Tim Hardaway Jr.,2019,NYK/DAL,SG,31.641,-0.228,0.366,-0.594,2.863,Off Screen Shooter,Chaser
203503,Tony Snell,2019,MIL,SF,17.617,-1.127,-0.598,-0.529,1.047,Movement Shooter,Low Activity
203504,Trey Burke,2019,NYK/DAL,PG,19.388,-0.685,0.916,-1.601,1.228,Slasher,Point of Attack
203506,Victor Oladipo,2019,IND,SG,31.853,2.023,1.326,0.697,3.282,Shot Creator,Wing Stopper
203507,Giannis Antetokounmpo,2019,MIL,PF,32.755,7.44,4.331,3.109,14.377,Shot Creator,Helper
203516,James Ennis Iii,2019,HOU/PHI,SF,21.199,-1.357,-0.972,-0.385,0.804,Stationary Shooter,Chaser
203518,Alex Abrines,2019,OKC,SG,18.974,-2.761,-2.116,-0.645,-0.148,Movement Shooter,Low Activity
203521,Matthew Dellavedova,2019,MIL/CLE,PG,16.92,-1.352,-0.443,-0.909,0.533,Primary Ball Handler,Point of Attack
203524,Solomon Hill,2019,NOP,SF,19.966,-2.777,-2,-0.777,-0.23,Stationary Shooter,Wing Stopper
203526,Raul Neto,2019,UTA,PG,12.8,-0.909,-0.062,-0.848,0.448,Secondary Ball Handler,Point of Attack
203546,Ian Clark,2019,NOP,SG,16.209,-2.741,-1.036,-1.705,-0.233,Off Screen Shooter,Chaser
203552,Seth Curry,2019,POR,SG,18.908,-1.329,-0.779,-0.55,0.94,Secondary Ball Handler,Point of Attack
203584,Troy Daniels,2019,PHO,SG,14.897,-1.751,-0.473,-1.279,0.302,Off Screen Shooter,Low Activity
203585,Rodney Mcgruder,2019,MIA,SG,23.48,-1.574,-1.138,-0.436,0.794,Movement Shooter,Point of Attack
203613,Jonathon Simmons,2019,ORL/PHI,SG,19.003,-2.661,-2.394,-0.267,-0.2,Secondary Ball Handler,Wing Stopper
203894,Shabazz Napier,2019,BRK,PG,17.55,1.252,1.331,-0.08,2.321,Shot Creator,Point of Attack
203895,Jordan Mcrae,2019,WAS,SG,12.326,-0.933,-0.458,-0.475,0.309,Secondary Ball Handler,Low Activity
203897,Zach Lavine,2019,CHI,SG,34.459,-0.466,0.764,-1.23,2.684,Shot Creator,Chaser
203901,Elfrid Payton,2019,NOP,PG,29.757,0.267,0.184,0.083,2.146,Slasher,Point of Attack
203903,Jordan Clarkson,2019,CLE,SG,27.339,-2.945,0.018,-2.962,-0.817,Shot Creator,Low Activity
203914,Gary Harris,2019,DEN,SG,28.759,-0.9,-0.15,-0.75,1.56,Movement Shooter,Wing Stopper
203915,Spencer Dinwiddie,2019,BRK,PG,28.148,-0.071,1.224,-1.295,2.861,Shot Creator,Wing Stopper
203917,Nik Stauskas,2019,POR/CLE,SG,14.921,-2.502,-1.238,-1.264,-0.088,Off Screen Shooter,Low Activity
203918,Rodney Hood,2019,CLE/POR,SG,26.285,-0.425,0.151,-0.576,2.39,Shot Creator,Chaser
203920,Khem Birch,2019,ORL,C,12.856,0.712,-0.506,1.218,1.291,Roll + Cut Big,Anchor Big
203922,Glenn Robinson Iii,2019,DET,SF,12.98,-1.749,-2.259,0.51,0.243,Stationary Shooter,Helper
203924,Jerami Grant,2019,OKC,PF,32.655,1.155,-0.306,1.461,6.004,Stretch Big,Helper
203925,Joe Harris,2019,BRK,SG,30.177,-0.193,-0.108,-0.085,3.246,Off Screen Shooter,Chaser
203926,Doug Mcdermott,2019,IND,SF,17.397,-1.998,-1.096,-0.902,0.318,Off Screen Shooter,Low Activity
203932,Aaron Gordon,2019,ORL,PF,33.751,0.273,-0.589,0.862,4.529,Versatile Big,Wing Stopper
203933,T.J. Warren,2019,PHO,SF,31.35,-1.081,-0.633,-0.448,1.123,Slasher,Wing Stopper
203935,Marcus Smart,2019,BOS,SG,27.497,0.884,-0.319,1.202,4.665,Primary Ball Handler,Wing Stopper
203937,Kyle Anderson,2019,MEM,SF,29.802,-1.087,-2.019,0.932,1.063,Roll + Cut Big,Wing Stopper
203939,Dwight Powell,2019,DAL,C,21.59,1.648,1.123,0.526,4.355,Roll + Cut Big,Anchor Big
203943,Noah Vonleh,2019,NYK,PF,25.32,-0.025,-1.706,1.681,2.626,Versatile Big,Helper
203944,Julius Randle,2019,NOP,PF,30.572,0.434,1.23,-0.797,4.075,Shot Creator,Helper
203952,Andrew Wiggins,2019,MIN,SF,34.833,-1.725,-0.162,-1.564,1.053,Shot Creator,Wing Stopper
203953,Jabari Parker,2019,CHI/WAS,PF,26.942,-1.987,-1.333,-0.654,0.422,Shot Creator,Helper
203954,Joel Embiid,2019,PHI,C,33.661,4.073,2.286,1.787,8.956,Post Scorer,Anchor Big
203957,Danté Exum,2019,UTA,PG,15.811,-0.797,-0.34,-0.457,0.677,Slasher,Point of Attack
203967,Dario Šarić,2019,PHI/MIN,PF,24.82,-0.666,-0.033,-0.633,2.222,Stretch Big,Helper
203991,Clint Capela,2019,HOU,C,33.564,1.769,1.059,0.71,6.066,Roll + Cut Big,Mobile Big
203992,Bogdan Bogdanović,2019,SAC,SG,27.816,-0.863,0.01,-0.873,1.9,Secondary Ball Handler,Chaser
203994,Jusuf Nurkić,2019,POR,C,27.413,3.36,1.262,2.098,7.331,Post Scorer,Anchor Big
203998,Bruno Caboclo,2019,MEM,PF,23.52,-0.633,-0.796,0.163,0.901,Movement Shooter,Helper
203999,Nikola Jokić,2019,DEN,C,31.299,4.577,3.528,1.049,11.18,Post Scorer,Mobile Big
204020,Tyler Johnson,2019,MIA/PHO,PG,26.825,-1.146,-0.65,-0.497,1.209,Movement Shooter,Point of Attack
204025,Tim Frazier,2019,NOP/MIL,PG,18.977,-1.53,-0.815,-0.715,0.606,Primary Ball Handler,Point of Attack
204038,Langston Galloway,2019,DET,SG,21.813,-1.223,-0.291,-0.932,1.293,Movement Shooter,Wing Stopper
204060,Joe Ingles,2019,UTA,PF,31.312,1.774,0.608,1.166,6.934,Secondary Ball Handler,Wing Stopper
204456,T.J. Mcconnell,2019,PHI,PG,19.345,-0.192,-0.041,-0.152,2.081,Primary Ball Handler,Point of Attack
1626143,Jahlil Okafor,2019,NOP,C,15.845,-0.597,-0.549,-0.049,1.075,Post Scorer,Anchor Big
1626144,Emmanuel Mudiay,2019,NYK,PG,27.239,-2.811,-0.955,-1.856,-0.456,Slasher,Point of Attack
1626145,Tyus Jones,2019,MIN,PG,22.948,0.411,0.283,0.128,2.826,Primary Ball Handler,Point of Attack
1626149,Montrezl Harrell,2019,LAC,C,26.32,1.086,1.254,-0.168,4.863,Post Scorer,Anchor Big
1626153,Delon Wright,2019,TOR/MEM,PG,22.644,0.851,0.485,0.365,3.565,Primary Ball Handler,Chaser
1626155,Sam Dekker,2019,CLE/WAS,PF,16.778,-0.407,-0.099,-0.308,1.005,Athletic Finisher,Low Activity
1626156,D'Angelo Russell,2019,BRK,PG,30.223,1.152,1.786,-0.634,5.621,Primary Ball Handler,Point of Attack
1626157,Karl-Anthony Towns,2019,MIN,C,33.048,3.712,3.478,0.235,10.012,Shot Creator,Anchor Big
1626158,Richaun Holmes,2019,PHO,C,16.91,-0.416,-0.838,0.421,1.502,Roll + Cut Big,Anchor Big
1626159,Justise Winslow,2019,MIA,SF,29.69,0.048,-1.052,1.1,3.082,Primary Ball Handler,Wing Stopper
1626161,Willie Cauley-Stein,2019,SAC,C,27.317,1.55,-0.118,1.668,5.654,Post Scorer,Mobile Big
1626162,Kelly Oubre Jr.,2019,WAS/PHO,SF,27.866,-0.652,-0.295,-0.358,2.142,Movement Shooter,Chaser
1626163,Frank Kaminsky,2019,CHO,C,16.059,0.316,0.708,-0.392,1.32,Stretch Big,Helper
1626164,Devin Booker,2019,PHO,SG,34.846,-1.53,1.934,-3.464,1.206,Shot Creator,Chaser
1626166,Cameron Payne,2019,CHI/CLE,PG,17.805,-1.913,-1.633,-0.28,0.208,Primary Ball Handler,Point of Attack
1626167,Myles Turner,2019,IND,C,28.636,2.308,-0.863,3.171,6.454,Roll + Cut Big,Mobile Big
1626168,Trey Lyles,2019,DEN,PF,17.494,-0.794,-0.469,-0.326,1.143,Versatile Big,Helper
1626169,Stanley Johnson,2019,DET/NOP,SF,18.292,-2.615,-2.675,0.06,-0.192,Movement Shooter,Wing Stopper
1626170,Jerian Grant,2019,ORL,PG,15.646,-1.673,-1.697,0.025,0.421,Primary Ball Handler,Point of Attack
1626171,Bobby Portis,2019,CHI/WAS,PF,25.964,-1.009,-0.491,-0.518,1.143,Versatile Big,Mobile Big
1626172,Kevon Looney,2019,GSW,C,18.518,1.192,0.928,0.264,3.44,Roll + Cut Big,Mobile Big
1626174,Christian Wood,2019,MIL/NOP,PF,11.92,-0.113,-0.184,0.071,0.367,Shot Creator,Anchor Big
1626178,Rondae Hollis-Jefferson,2019,BRK,SF,20.916,-0.195,-0.97,0.775,1.745,Athletic Finisher,Helper
1626179,Terry Rozier,2019,BOS,PG,22.674,-0.598,-0.598,-0.001,2.059,Primary Ball Handler,Point of Attack
1626181,Norman Powell,2019,TOR,SG,18.773,-0.807,-0.367,-0.441,1.14,Secondary Ball Handler,Chaser
1626184,Chasson Randle,2019,WAS,PG,15.16,-1.828,-0.586,-1.242,0.258,Primary Ball Handler,Point of Attack
1626188,Quinn Cook,2019,GSW,PG,14.306,-2.24,-0.677,-1.562,0.087,Secondary Ball Handler,Point of Attack
1626192,Pat Connaughton,2019,MIL,SG,20.674,0,0.518,-0.518,1.945,Stationary Shooter,Chaser
1626195,Willy Hernangomez,2019,CHO,C,14,0.145,0.556,-0.411,1.329,Roll + Cut Big,Anchor Big
1626196,Josh Richardson,2019,MIA,SG,34.787,0.872,0.231,0.641,5.366,Primary Ball Handler,Point of Attack
1626203,Treveon Graham,2019,BRK,SG,20.438,-0.796,-1.135,0.339,0.73,Movement Shooter,Wing Stopper
1626204,Larry Nance Jr.,2019,CLE,C,26.798,0.191,-0.567,0.759,2.994,Roll + Cut Big,Anchor Big
1626209,Mario Hezonja,2019,NYK,SF,20.797,-0.959,-1.082,0.123,1.102,Secondary Ball Handler,Wing Stopper
1626220,Royce O'Neale,2019,UTA,SF,20.378,-1.209,-2.149,0.94,1.253,Stationary Shooter,Wing Stopper
1626224,Cedi Osman,2019,CLE,SF,32.157,-2.623,-1.409,-1.213,-0.4,Secondary Ball Handler,Wing Stopper
1626245,Cristiano Felicio,2019,CHI,C,12.439,-2.541,-1.326,-1.215,-0.083,Roll + Cut Big,Mobile Big
1626246,Boban Marjanović,2019,LAC/PHI,C,11.736,1.361,0.942,0.419,1.656,Post Scorer,Anchor Big
1626257,Salah Mejri,2019,DAL,C,11.087,0.378,-0.816,1.194,0.714,Stretch Big,Anchor Big
1627395,Julian Washburn,2019,MEM,SF,14.104,-1.348,-1.441,0.094,0.167,Movement Shooter,Wing Stopper
1627732,Ben Simmons,2019,PHI,PG,34.181,1.688,1.264,0.424,7.142,Post Scorer,Wing Stopper
1627733,Dragan Bender,2019,PHO,PF,17.962,-1.801,-1.805,0.004,0.301,Stretch Big,Helper
1627734,Domantas Sabonis,2019,IND,C,24.844,1.819,0.633,1.186,5.019,Post Scorer,Mobile Big
1627736,Malik Beasley,2019,DEN,SG,23.193,-0.821,0.28,-1.101,1.885,Movement Shooter,Chaser
1627737,Marquese Chriss,2019,HOU/CLE,PF,11.6,-0.995,-1.101,0.107,0.444,Stretch Big,Anchor Big
1627739,Kris Dunn,2019,CHI,PG,30.205,-1.488,-1.748,0.26,0.789,Slasher,Point of Attack
1627740,Henry Ellenson,2019,DET/NYK,PF,13.638,-0.257,-0.472,0.215,0.356,Versatile Big,Helper
1627741,Buddy Hield,2019,SAC,SG,31.888,-0.128,1.321,-1.449,3.812,Off Screen Shooter,Chaser
1627742,Brandon Ingram,2019,LAL,SF,33.855,-1.546,-0.42,-1.127,0.933,Shot Creator,Wing Stopper
1627745,Damian Jones,2019,GSW,C,17.067,-0.557,-1.729,1.172,0.482,Roll + Cut Big,Mobile Big
1627747,Caris Levert,2019,BRK,SF,26.572,0.432,0.872,-0.441,1.94,Shot Creator,Point of Attack
1627748,Thon Maker,2019,MIL/DET,PF,15.191,-1.017,-1.442,0.425,0.851,Stationary Shooter,Anchor Big
1627750,Jamal Murray,2019,DEN,PG,32.632,0.837,1.515,-0.678,5.116,Primary Ball Handler,Chaser
1627751,Jakob Poeltl,2019,SAS,C,16.528,1.17,-0.235,1.406,2.938,Roll + Cut Big,Anchor Big
1627752,Taurean Prince,2019,ATL,SF,28.223,-2.14,-1.414,-0.726,0.227,Secondary Ball Handler,Wing Stopper
1627759,Jaylen Brown,2019,BOS,SG,25.856,-0.277,-0.647,0.37,2.602,Stationary Shooter,Wing Stopper
1627761,Deandre' Bembry,2019,ATL,SG,23.552,-1.874,-2.137,0.263,0.614,Athletic Finisher,Wing Stopper
1627763,Malcolm Brogdon,2019,MIL,SG,28.62,1.679,1.425,0.254,4.834,Primary Ball Handler,Chaser
1627767,Cheick Diallo,2019,NOP,PF,13.993,-1.063,-1.66,0.597,0.757,Roll + Cut Big,Anchor Big
1627772,Daniel Hamilton,2019,ATL,SG,10.744,-1.261,-1.007,-0.255,0.146,Secondary Ball Handler,Wing Stopper
1627774,Jake Layman,2019,POR,SF,18.687,-0.926,-1.12,0.195,1.241,Movement Shooter,Low Activity
1627775,Patrick Mccaw,2019,CLE/TOR,SG,13.697,-2.136,-2.28,0.144,0.059,Stationary Shooter,Chaser
1627782,Wayne Selden,2019,MEM/CHI,SG,19.18,-2.293,-1.336,-0.956,0.069,Movement Shooter,Helper
1627783,Pascal Siakam,2019,TOR,PF,31.846,1.738,0.813,0.926,6.822,Shot Creator,Wing Stopper
1627786,Troy Williams,2019,SAC,SF,14.855,-1.618,-1.763,0.145,0.151,Movement Shooter,Chaser
1627788,Furkan Korkmaz,2019,PHI,SG,14.15,-0.455,0.034,-0.489,0.844,Movement Shooter,Chaser
1627789,Timothe Luwawu-Cabarrot,2019,OKC/CHI,SF,13.383,-2.197,-1.549,-0.647,0.073,Stationary Shooter,Low Activity
1627790,Ante Zizic,2019,CLE,C,18.34,-1.236,-1.397,0.161,0.792,Post Scorer,Anchor Big
1627812,Yogi Ferrell,2019,SAC,PG,15.023,-1.278,-0.497,-0.782,0.752,Primary Ball Handler,Point of Attack
1627814,Damion Lee,2019,GSW,SG,11.723,-2.204,-1.023,-1.18,0.039,Off Screen Shooter,Low Activity
1627816,Alex Poythress,2019,ATL,PF,14.52,-1.411,-1.431,0.02,0.188,Athletic Finisher,Mobile Big
1627820,Tyrone Wallace,2019,LAC,PG,10.124,-2.412,-2.135,-0.277,-0.018,Secondary Ball Handler,Point of Attack
1627823,Juancho Hernangomez,2019,DEN,PF,19.403,-0.776,-0.799,0.023,1.402,Movement Shooter,Helper
1627826,Ivica Zubac,2019,LAL/LAC,C,17.615,-0.221,-1.236,1.015,1.452,Post Scorer,Anchor Big
1627827,Dorian Finney-Smith,2019,DAL,SF,24.508,-1.197,-0.781,-0.416,1.504,Movement Shooter,Wing Stopper
1627832,Fred Vanvleet,2019,TOR,PG,27.504,0.742,0.692,0.05,3.57,Primary Ball Handler,Point of Attack
1627846,Abdel Nader,2019,OKC,SF,11.37,-3.364,-2.61,-0.754,-0.439,Stationary Shooter,Low Activity
1627853,Ryan Arcidiacono,2019,CHI,PG,24.213,-0.509,-0.674,0.166,2.369,Primary Ball Handler,Point of Attack
1627854,Bryn Forbes,2019,SAS,SG,27.957,-0.834,-1.118,0.284,2.28,Secondary Ball Handler,Chaser
1627863,Danuel House Jr.,2019,HOU,SF,25.094,-1.585,-0.334,-1.251,0.494,Movement Shooter,Helper
1627883,Jalen Jones,2019,CLE,SF,13.381,-0.458,-1.229,0.771,0.266,Stationary Shooter,Helper
1627884,Derrick Jones Jr.,2019,MIA,SF,19.224,-0.022,-0.34,0.319,1.762,Athletic Finisher,Wing Stopper
1627885,Shaquille Harrison,2019,CHI,SG,19.587,-1.722,-2.231,0.509,0.595,Slasher,Point of Attack
1627936,Alex Caruso,2019,LAL,PG,21.243,-0.315,-0.143,-0.173,0.709,Primary Ball Handler,Point of Attack
1628021,David Nwaba,2019,CLE,SF,19.298,-0.307,-1.127,0.819,1.319,Athletic Finisher,Helper
1628035,Alfonzo Mckinnie,2019,GSW,SF,13.937,-1.585,-0.939,-0.647,0.507,Stationary Shooter,Low Activity
1628365,Markelle Fultz,2019,PHI,SG,22.466,-1.868,-1.873,0.004,0.137,Slasher,Point of Attack
1628366,Lonzo Ball,2019,LAL,PG,30.268,-0.017,-0.918,0.901,2.177,Primary Ball Handler,Point of Attack
1628367,Josh Jackson,2019,PHO,SG,25.015,-2.996,-2.339,-0.657,-0.793,Secondary Ball Handler,Helper
1628368,De'Aaron Fox,2019,SAC,PG,31.431,1.105,1.151,-0.046,5.768,Slasher,Point of Attack
1628369,Jayson Tatum,2019,BOS,SF,31.071,1.466,0.167,1.298,6.138,Shot Creator,Chaser
1628370,Malik Monk,2019,CHO,SG,17.233,-1.777,-0.674,-1.103,0.478,Movement Shooter,Low Activity
1628371,Jonathan Isaac,2019,ORL,PF,26.616,0.662,-1.079,1.741,3.945,Stationary Shooter,Helper
1628372,Dennis Smith Jr.,2019,DAL/NYK,PG,28.462,-1.934,-1.436,-0.498,0.421,Primary Ball Handler,Point of Attack
1628373,Frank Ntilikina,2019,NYK,PG,21.015,-2.115,-2.331,0.216,0.146,Primary Ball Handler,Point of Attack
1628374,Lauri Markkanen,2019,CHI,PF,32.35,0.443,1.025,-0.582,3.082,Movement Shooter,Helper
1628378,Donovan Mitchell,2019,UTA,SG,33.744,1.183,1.002,0.181,6.018,Primary Ball Handler,Chaser
1628379,Luke Kennard,2019,DET,SG,22.804,-1.907,-0.88,-1.027,0.426,Secondary Ball Handler,Low Activity
1628380,Zach Collins,2019,POR,C,17.608,-1.201,-1.679,0.478,1.024,Versatile Big,Anchor Big
1628381,John Collins,2019,ATL,PF,29.977,0.009,1.359,-1.35,2.83,Roll + Cut Big,Helper
1628382,Justin Jackson,2019,SAC/DAL,SF,19.917,-2.091,-1.056,-1.036,0.286,Stationary Shooter,Chaser
1628384,Og Anunoby,2019,TOR,SF,20.183,-1.241,-1.398,0.157,0.986,Stationary Shooter,Helper
1628385,Harry Giles Iii,2019,SAC,PF,14.139,-2.077,-1.706,-0.371,0.153,Post Scorer,Anchor Big
1628386,Jarrett Allen,2019,BRK,C,26.201,0.721,-0.292,1.013,4.223,Roll + Cut Big,Anchor Big
1628389,Bam Adebayo,2019,MIA,C,23.325,1.26,-1.341,2.601,4.526,Roll + Cut Big,Anchor Big
1628390,Terrance Ferguson,2019,OKC,SG,26.095,-1.582,-1.476,-0.106,0.979,Stationary Shooter,Chaser
1628391,D.J. Wilson,2019,MIL,PF,18.374,-0.356,-0.698,0.342,1.154,Stretch Big,Helper
1628395,Jordan Bell,2019,GSW,C,11.591,-0.554,-1.305,0.751,0.929,Roll + Cut Big,Mobile Big
1628397,Ivan Rabb,2019,MEM,PF,14.71,-1.023,-1.413,0.39,0.628,Post Scorer,Anchor Big
1628398,Kyle Kuzma,2019,LAL,PF,33.051,-0.178,0.783,-0.961,3.296,Shot Creator,Helper
1628400,Semi Ojeleye,2019,BOS,PF,10.613,-2.082,-1.28,-0.802,0.109,Stationary Shooter,Helper
1628401,Derrick White,2019,SAS,PG,25.79,0.945,-0.499,1.444,3.734,Slasher,Point of Attack
1628402,Frank Jackson,2019,NOP,PG,19.161,-3.093,-1.158,-1.936,-0.541,Movement Shooter,Chaser
1628404,Josh Hart,2019,LAL,SG,25.593,-1.273,-1.614,0.342,1.215,Off Screen Shooter,Wing Stopper
1628407,Dwayne Bacon,2019,CHO,SG,17.641,-1.762,-0.944,-0.818,0.296,Secondary Ball Handler,Wing Stopper
1628411,Wes Iwundu,2019,ORL,SF,18.134,-2.568,-2.532,-0.035,-0.159,Athletic Finisher,Chaser
1628412,Frank Mason Iii,2019,SAC,PG,11.459,-1.029,-0.35,-0.679,0.378,Secondary Ball Handler,Point of Attack
1628413,Jonah Bolden,2019,PHI,PF,14.514,-1.026,-1.326,0.3,0.555,Stationary Shooter,Helper
1628415,Dillon Brooks,2019,MEM,SF,18.328,-2.317,-1.752,-0.566,0.011,Movement Shooter,Chaser
1628416,Tyler Dorsey,2019,ATL/MEM,SG,14.538,-1.362,-0.36,-1.001,0.454,Movement Shooter,Low Activity
1628417,Jaron Blossomgame,2019,CLE,SF,16.265,-0.779,-1.064,0.285,0.453,Stretch Big,Helper
1628418,Thomas Bryant,2019,WAS,C,20.782,0.978,0.551,0.427,3.266,Roll + Cut Big,Mobile Big
1628420,Monté Morris,2019,DEN,PG,24.027,0.412,0.905,-0.493,3.569,Primary Ball Handler,Point of Attack
1628422,Damyean Dotson,2019,NYK,SG,27.448,-3.318,-1.543,-1.775,-1.212,Off Screen Shooter,Chaser
1628425,Sterling Brown,2019,MIL,SG,17.832,-1.632,-1.063,-0.569,0.491,Movement Shooter,Low Activity
1628436,Luke Kornet,2019,NYK,C,17.044,0.517,-0.527,1.044,1.475,Stretch Big,Helper
1628443,Kadeem Allen,2019,NYK,PG,21.871,-0.406,0.072,-0.478,0.53,Slasher,Point of Attack
1628464,Daniel Theis,2019,BOS,C,13.752,1.135,0.178,0.957,2.074,Roll + Cut Big,Mobile Big
1628467,Maxi Kleber,2019,DAL,PF,21.155,0.72,-0.345,1.065,3.025,Stationary Shooter,Wing Stopper
1628469,Antonio Blakeney,2019,CHI,SG,14.543,-3.541,-1.716,-1.825,-0.617,Shot Creator,Low Activity
1628470,Torrey Craig,2019,DEN,SF,20.039,-0.865,-0.952,0.087,1.465,Stationary Shooter,Point of Attack
1628515,Isaiah Briscoe,2019,ORL,PG,14.339,-2.682,-2.626,-0.056,-0.113,Primary Ball Handler,Point of Attack
1628960,Grayson Allen,2019,UTA,SG,10.955,-3.092,-0.991,-2.101,-0.192,Secondary Ball Handler,Low Activity
1628963,Marvin Bagley Iii,2019,SAC,PF,25.282,-1.602,0.068,-1.67,0.775,Shot Creator,Helper
1628964,Mo Bamba,2019,ORL,C,16.301,-0.379,-2.224,1.845,0.991,Athletic Finisher,Anchor Big
1628966,Keita Bates-Diop,2019,MIN,SF,16.778,-1.707,-1.42,-0.286,0.215,Movement Shooter,Chaser
1628969,Mikal Bridges,2019,PHO,SF,29.475,-1.172,-1.165,-0.007,1.87,Movement Shooter,Wing Stopper
1628970,Miles Bridges,2019,CHO,SF,21.205,-0.519,-0.67,0.152,2.038,Movement Shooter,Helper
1628971,Bruce Brown,2019,DET,SG,19.584,-2.321,-3.136,0.815,0.042,Athletic Finisher,Point of Attack
1628972,Troy Brown Jr.,2019,WAS,SF,14.033,-0.65,-0.245,-0.405,0.814,Athletic Finisher,Chaser
1628973,Jalen Brunson,2019,DAL,PG,21.798,-1,-0.299,-0.702,1.41,Primary Ball Handler,Point of Attack
1628975,Jevon Carter,2019,MEM,PG,14.785,-1.886,-1.729,-0.157,0.179,Secondary Ball Handler,Point of Attack
1628976,Wendell Carter Jr.,2019,CHI,C,25.223,0,-2.06,2.06,1.711,Post Scorer,Mobile Big
1628977,Hamidou Diallo,2019,OKC,SG,10.318,-2.322,-1.556,-0.766,0.015,Athletic Finisher,Wing Stopper
1628978,Donte Divincenzo,2019,MIL,SG,15.231,-1.395,-1.137,-0.258,0.259,Movement Shooter,Chaser
1628983,Shai Gilgeous-Alexander,2019,LAC,PG,26.512,-1.343,-2.064,0.721,1.44,Slasher,Point of Attack
1628984,Devonte' Graham,2019,CHO,PG,14.696,-0.611,0.433,-1.044,0.772,Shot Creator,Point of Attack
1628988,Aaron Holiday,2019,IND,PG,12.916,-1.921,-0.952,-0.969,0.186,Secondary Ball Handler,Point of Attack
1628989,Kevin Huerter,2019,ATL,SG,27.313,-1.043,-0.699,-0.344,1.758,Secondary Ball Handler,Chaser
1628990,Chandler Hutchison,2019,CHI,SF,20.331,-2.217,-2.665,0.448,0.086,Athletic Finisher,Helper
1628991,Jaren Jackson Jr.,2019,MEM,PF,26.117,-0.786,-1.815,1.029,1.554,Post Scorer,Helper
1628995,Kevin Knox Ii,2019,NYK,PF,28.773,-5.356,-2.638,-2.717,-3.983,Movement Shooter,Low Activity
1629001,De'Anthony Melton,2019,PHO,PG,19.677,-0.907,-1.874,0.967,0.932,Primary Ball Handler,Point of Attack
1629003,Shake Milton,2019,PHI,SG,13.411,-1.382,-0.67,-0.712,0.171,Movement Shooter,Low Activity
1629004,Svi Mykhailiuk,2019,LAL/DET,SF,10.478,-2.799,-1.361,-1.439,-0.122,Off Screen Shooter,Low Activity
1629006,Josh Okogie,2019,MIN,SG,23.582,-0.02,-0.884,0.863,2.667,Stationary Shooter,Wing Stopper
1629011,Mitchell Robinson,2019,NYK,C,20.599,0.964,-1.098,2.062,2.955,Roll + Cut Big,Anchor Big
1629012,Collin Sexton,2019,CLE,PG,31.769,-3.633,-1.337,-2.295,-2.087,Shot Creator,Point of Attack
1629013,Landry Shamet,2019,PHI/LAC,SG,22.808,-1.408,-0.461,-0.948,1.117,Off Screen Shooter,Chaser
1629016,Omari Spellman,2019,ATL,PF,17.491,-1.728,-1.281,-0.447,0.332,Stretch Big,Helper
1629019,Allonzo Trier,2019,NYK,SG,22.789,-3.906,-1.709,-2.198,-1.417,Shot Creator,Low Activity
1629021,Moritz Wagner,2019,LAL,C,10.376,-1.435,-1.668,0.234,0.269,Stretch Big,Helper
1629026,Kenrich Williams,2019,NOP,SF,23.461,-0.17,-0.784,0.614,1.543,Movement Shooter,Wing Stopper
1629027,Trae Young,2019,ATL,PG,30.905,-1.587,0.798,-2.384,1.262,Primary Ball Handler,Point of Attack
1629028,Deandre Ayton,2019,PHO,C,30.742,-0.454,-0.651,0.197,2.715,Post Scorer,Anchor Big
1629029,Luka Dončić,2019,DAL,SG,32.193,1.426,1.707,-0.281,5.737,Shot Creator,Low Activity
1629033,Theo Pinson,2019,BRK,SG,11.742,-0.675,-0.593,-0.082,0.232,Shot Creator,Chaser
1629059,Elie Okobo,2019,PHO,PG,18.08,-2.914,-1.957,-0.957,-0.335,Primary Ball Handler,Point of Attack
1629066,Rodions Kurucs,2019,BRK,SF,20.535,-0.976,-1.054,0.078,1.167,Movement Shooter,Helper
1629102,Brandon Sampson,2019,CHI,SG,15.307,-2.012,-1.744,-0.268,0.049,Movement Shooter,Low Activity
1629109,Gary Clark,2019,HOU,PF,12.56,-1.564,-1.249,-0.315,0.332,Stationary Shooter,Helper
1629121,Jaylen Adams,2019,ATL,PG,12.576,-2.093,-1.756,-0.337,0.075,Primary Ball Handler,Point of Attack
1629140,Johnathan Williams,2019,LAL,C,15.487,-0.603,-0.156,-0.446,0.426,Roll + Cut Big,Mobile Big
1629151,Ryan Broekhoff,2019,DAL,SG,10.797,-1.673,-0.639,-1.034,0.203,Off Screen Shooter,Low Activity
1629244,Cam Reynolds,2019,MIN,SG,13.654,-1.596,-0.817,-0.779,0.129,Movement Shooter,Chaser